ID,First Name,Last Name, Email
1,John,Doe,john@gmail.com
2,Bikram,Mondal,bikram@gmail.com
3,Rahul,Kumar,rahul@gmail.com
1,4,Twinkle,Verma,twinkle@gmail.com
5,Aritra,Mondal,aritra@gmail.com
6,Sahana,Banarjee,sahana@gmail.com
7,7,Rima,Ray,rima@gmail.com
8,Molla,Mainuddin,mainuddin@gmail.com
9,Murari,Kumar,murari@gmail.com
10,Rishab,Jain,rishab@gmail.com